{
    "name": "map-coords",
    "title": "Map Coordinates",
    "description": "",
    "version": "0.1.04",
    "library": "false",
    "manifestPlusVersion": "1.0.0",
    "minimumCoreVersion": "11.315",
    "compatibleCoreVersion": "11.315",
    "authors": [
        {
            "name": "mbutler",
            "url": "https://github.com/mbutler"
        }
    ],
    "dependencies": [],
    "conflicts": [],
    "esmodules": [
        "/scripts/settings.js",
        "/scripts/coordinateMap.js"
    ],
    "scripts": [
        "/scripts/lib/lib.js"
    ],
    "styles": [
        "/styles/module.css"
    ],
    "languages": [
        {
            "lang": "en",
            "name": "English",
            "path": "languages/en.json"
        },
        {
            "lang": "fr",
            "name": "French",
            "path": "languages/fr.json"
        }
    ],
    "url": "https://github.com/mbutler/map-coords",
    "manifest": "https://github.com/mbutler/map-coords/releases/download/v0.1.04/module.json",
    "download": "https://github.com/mbutler/map-coords/releases/download/v0.1.04/map-coords.zip"
}